日期,股票代码,名称,收盘价,最高价,最低价,开盘价,前收盘,涨跌额,涨跌幅,成交量,成交金额
2016/12/30,'000001,上证指数,3103.6373,3108.8393,3089.9894,3097.3454,3096.0968,7.5405,0.2435,133267130,1.52E+11
2016/12/29,'000001,上证指数,3096.0968,3111.7994,3087.344,3095.8447,3102.2357,-6.1389,-0.1979,132623292,1.50E+11
2016/12/28,'000001,上证指数,3102.2357,3118.7818,3094.5488,3113.7671,3114.664,-12.4283,-0.399,135727087,1.54E+11
2016/12/27,'000001,上证指数,3114.664,3127.8828,3113.7451,3117.3868,3122.569,-7.905,-0.2532,141528939,1.62E+11
2016/12/26,'000001,上证指数,3122.569,3122.8812,3068.415,3095.5787,3110.1544,12.4146,0.3992,152571881,1.71E+11
2016/12/23,'000001,上证指数,3110.1544,3138.404,3103.7476,3134.9292,3139.558,-29.4036,-0.9366,166176769,1.89E+11
2016/12/22,'000001,上证指数,3139.558,3143.1685,3126.8872,3132.1558,3137.4297,2.1283,0.0678,167804990,1.86E+11
2016/12/21,'000001,上证指数,3137.4297,3140.2512,3107.2396,3107.2396,3102.8759,34.5538,1.1136,186706607,2.04E+11
2016/12/20,'000001,上证指数,3102.8759,3117.0145,3084.7997,3115.8984,3118.0846,-15.2087,-0.4878,157426759,1.72E+11
2016/12/19,'000001,上证指数,3118.0846,3125.284,3110.0817,3120.6963,3122.9815,-4.8969,-0.1568,154169716,1.75E+11
2016/12/16,'000001,上证指数,3122.9815,3128.8735,3106.3464,3111.5145,3117.677,5.3045,0.1701,164988699,1.90E+11
2016/12/15,'000001,上证指数,3117.677,3138.7793,3100.9128,3125.7568,3140.5308,-22.8538,-0.7277,189990626,2.13E+11
2016/12/14,'000001,上证指数,3140.5308,3170.0208,3136.348,3149.3774,3155.0374,-14.5066,-0.4598,201358887,2.19E+11
2016/12/13,'000001,上证指数,3155.0374,3162.496,3118.7121,3138.9881,3152.9704,2.067,0.0656,185164495,2.03E+11
2016/12/12,'000001,上证指数,3152.9704,3245.0946,3149.8955,3233.6661,3232.8834,-79.913,-2.4719,274708461,2.94E+11
2016/12/9,'000001,上证指数,3232.8834,3244.8013,3207.0433,3209.3395,3215.3658,17.5176,0.5448,204023956,2.26E+11
2016/12/8,'000001,上证指数,3215.3658,3228.122,3211.4712,3225.5499,3222.2415,-6.8757,-0.2134,170710173,1.98E+11
2016/12/7,'000001,上证指数,3222.2415,3222.428,3189.485,3198.4748,3199.6473,22.5942,0.7061,169072847,1.89E+11
2016/12/6,'000001,上证指数,3199.6473,3215.3114,3196.5248,3202.0293,3204.7092,-5.0619,-0.158,157572693,1.77E+11
2016/12/5,'000001,上证指数,3204.7092,3219.5181,3194.8785,3203.7844,3243.8432,-39.134,-1.2064,223010394,2.39E+11
2016/12/2,'000001,上证指数,3243.8432,3279.7137,3235.277,3270.1205,3273.3093,-29.4661,-0.9002,259567205,2.82E+11
2016/12/1,'000001,上证指数,3273.3093,3279.6707,3256.2555,3257.0268,3250.0344,23.2749,0.7161,237759864,2.62E+11
2016/11/30,'000001,上证指数,3250.0344,3277.2694,3239.5206,3272.1422,3282.9238,-32.8894,-1.0018,243576053,2.63E+11
2016/11/29,'000001,上证指数,3282.9238,3301.2133,3263.3973,3269.2339,3276.9996,5.9242,0.1808,320836287,3.48E+11
2016/11/28,'000001,上证指数,3276.9996,3288.3372,3267.6736,3270.0471,3261.9378,15.0618,0.4617,281551253,3.00E+11
2016/11/25,'000001,上证指数,3261.9378,3262.4379,3209.5979,3241.2433,3241.7359,20.2019,0.6232,233921601,2.59E+11
2016/11/24,'000001,上证指数,3241.7359,3257.8574,3232.869,3237.428,3241.1366,0.5993,0.0185,232324527,2.67E+11
2016/11/23,'000001,上证指数,3241.1366,3262.8788,3231.5863,3247.9448,3248.3517,-7.2151,-0.2221,249959592,2.78E+11
2016/11/22,'000001,上证指数,3248.3517,3249.6765,3220.9825,3220.9825,3218.1477,30.204,0.9386,261631547,2.92E+11
2016/11/21,'000001,上证指数,3218.1477,3229.7568,3188.2799,3188.4964,3192.8559,25.2918,0.7921,230652844,2.63E+11
2016/11/18,'000001,上证指数,3192.8559,3212.394,3187.4963,3207.1933,3208.4525,-15.5966,-0.4861,209826639,2.35E+11
2016/11/17,'000001,上证指数,3208.4525,3211.0527,3187.2056,3198.4985,3205.0572,3.3953,0.1059,214206240,2.27E+11
2016/11/16,'000001,上证指数,3205.0572,3210.8927,3195.4105,3208.4973,3206.9858,-1.9286,-0.0601,221766993,2.45E+11
2016/11/15,'000001,上证指数,3206.9858,3214.292,3195.0353,3209.9546,3210.371,-3.3852,-0.1054,240886350,2.67E+11
2016/11/14,'000001,上证指数,3210.371,3221.4584,3186.7956,3187.7093,3196.0436,14.3274,0.4483,329608313,3.47E+11
2016/11/11,'000001,上证指数,3196.0436,3202.7401,3166.0696,3169.4007,3171.282,24.7616,0.7808,310854579,3.44E+11
2016/11/10,'000001,上证指数,3171.282,3172.3085,3148.544,3148.544,3128.3702,42.9118,1.3717,244192602,2.86E+11
2016/11/9,'000001,上证指数,3128.3702,3146.9497,3096.9466,3146.0775,3147.8875,-19.5173,-0.62,241114958,2.77E+11
2016/11/8,'000001,上证指数,3147.8875,3156.8812,3134.9547,3140.9435,3133.3326,14.5549,0.4645,190846979,2.22E+11
2016/11/7,'000001,上证指数,3133.3326,3139.2017,3117.0961,3124.892,3125.3167,8.0159,0.2565,179418490,2.11E+11
2016/11/4,'000001,上证指数,3125.3167,3141.3337,3119.5354,3126.3489,3128.9356,-3.6189,-0.1157,197683197,2.39E+11
2016/11/3,'000001,上证指数,3128.9356,3140.9298,3094.1025,3096.765,3102.7326,26.203,0.8445,222986260,2.66E+11
2016/11/2,'000001,上证指数,3102.7326,3118.9773,3099.8196,3115.7291,3122.4356,-19.703,-0.631,182722067,2.22E+11
2016/11/1,'000001,上证指数,3122.4356,3122.6147,3097.0423,3101.6639,3100.492,21.9436,0.7077,160232032,1.96E+11
2016/10/31,'000001,上证指数,3100.492,3102.3015,3081.0722,3097.1881,3104.2703,-3.7783,-0.1217,151506764,1.78E+11
2016/10/28,'000001,上证指数,3104.2703,3128.6427,3101.2371,3111.7035,3112.3498,-8.0795,-0.2596,181774123,2.13E+11
2016/10/27,'000001,上证指数,3112.3498,3114.7587,3100.3918,3112.6028,3116.3119,-3.9621,-0.1271,158008789,1.82E+11
2016/10/26,'000001,上证指数,3116.3119,3129.8382,3110.3874,3129.8382,3131.9385,-15.6266,-0.4989,191663263,2.16E+11
2016/10/25,'000001,上证指数,3131.9385,3132.5046,3121.0499,3127.9684,3128.2467,3.6918,0.118,203380898,2.21E+11
2016/10/24,'000001,上证指数,3128.2467,3137.0335,3090.7864,3092.0466,3090.9412,37.3055,1.2069,240522349,2.50E+11
2016/10/21,'000001,上证指数,3090.9412,3101.8486,3069.2669,3081.3891,3084.4577,6.4835,0.2102,187388072,2.02E+11
2016/10/20,'000001,上证指数,3084.4577,3089.682,3076.2949,3084.9076,3084.7189,-0.2612,-0.0085,160691364,1.78E+11
2016/10/19,'000001,上证指数,3084.7189,3096.2228,3076.7705,3085.749,3083.8751,0.8438,0.0274,182470143,1.97E+11
2016/10/18,'000001,上证指数,3083.8751,3084.1867,3037.4036,3037.4036,3041.1663,42.7088,1.4044,182042460,1.96E+11
2016/10/17,'000001,上证指数,3041.1663,3068.812,3033.7532,3064.691,3063.8086,-22.6423,-0.739,163733265,1.81E+11
2016/10/14,'000001,上证指数,3063.8086,3064.7895,3043.1841,3056.9927,3061.3458,2.4628,0.0804,155373705,1.64E+11
2016/10/13,'000001,上证指数,3061.3458,3064.9989,3052.6403,3057.9724,3058.4981,2.8477,0.0931,154756725,1.66E+11
2016/10/12,'000001,上证指数,3058.4981,3060.5142,3048.8881,3057.3163,3065.2497,-6.7516,-0.2203,142493577,1.60E+11
2016/10/11,'000001,上证指数,3065.2497,3066.104,3048.0175,3051.6216,3048.1428,17.1069,0.5612,167273496,1.84E+11
2016/10/10,'000001,上证指数,3048.1428,3048.2358,3014.6198,3020.4566,3004.703,43.4398,1.4457,160051104,1.76E+11
2016/9/30,'000001,上证指数,3004.703,3009.1953,2993.0617,2994.2507,2998.4827,6.2203,0.2074,101333562,1.13E+11
2016/9/29,'000001,上证指数,2998.4827,3009.1984,2991.9088,2992.1683,2987.8576,10.6251,0.3556,113213919,1.23E+11
2016/9/28,'000001,上证指数,2987.8576,3000.6954,2984.3206,3000.6954,2998.1723,-10.3147,-0.344,104625697,1.16E+11
2016/9/27,'000001,上证指数,2998.1723,2998.2333,2969.1321,2974.593,2980.4295,17.7428,0.5953,121701450,1.33E+11
2016/9/26,'000001,上证指数,2980.4295,3028.2428,2980.1169,3028.2428,3033.8956,-53.4661,-1.7623,144330286,1.62E+11
2016/9/23,'000001,上证指数,3033.8956,3046.8047,3032.8023,3044.7858,3042.3132,-8.4176,-0.2767,125590976,1.47E+11
2016/9/22,'000001,上证指数,3042.3132,3054.4351,3035.0703,3038.422,3025.8736,16.4396,0.5433,139309554,1.59E+11
2016/9/21,'000001,上证指数,3025.8736,3032.4503,3017.5408,3021.5762,3022.9995,2.8741,0.0951,115721213,1.34E+11
2016/9/20,'000001,上证指数,3022.9995,3027.8165,3015.8804,3027.1717,3026.0513,-3.0518,-0.1009,118924117,1.40E+11
2016/9/19,'000001,上证指数,3026.0513,3026.6512,3005.3228,3005.3228,3002.8486,23.2027,0.7727,119225027,1.33E+11
2016/9/14,'000001,上证指数,3002.8486,3017.9447,2995.4156,3008.9044,3023.5095,-20.6609,-0.6833,133413401,1.48E+11
2016/9/13,'000001,上证指数,3023.5095,3029.7208,3008.7405,3025.0345,3021.9771,1.5324,0.0507,135387580,1.53E+11
2016/9/12,'000001,上证指数,3021.9771,3040.9522,2999.9288,3037.5073,3078.8548,-56.8777,-1.8474,206012086,2.22E+11
2016/9/9,'000001,上证指数,3078.8548,3101.7922,3078.2183,3095.4269,3095.9543,-17.0995,-0.5523,160692924,1.82E+11
2016/9/8,'000001,上证指数,3095.9543,3096.7832,3083.9015,3089.9529,3091.9281,4.0262,0.1302,145883771,1.66E+11
2016/9/7,'000001,上证指数,3091.9281,3105.6775,3087.8794,3091.3287,3090.7127,1.2154,0.0393,186956763,2.07E+11
2016/9/6,'000001,上证指数,3090.7127,3095.5092,3053.1868,3071.0554,3072.0953,18.6174,0.606,172908524,1.93E+11
2016/9/5,'000001,上证指数,3072.0953,3085.4853,3065.329,3070.707,3067.352,4.7433,0.1546,144963317,1.61E+11
2016/9/2,'000001,上证指数,3067.352,3072.5258,3050.4924,3057.4945,3063.3054,4.0466,0.1321,150446920,1.71E+11
2016/9/1,'000001,上证指数,3063.3054,3088.7043,3062.8763,3083.9606,3085.491,-22.1856,-0.719,155191093,1.77E+11
2016/8/31,'000001,上证指数,3085.491,3087.6977,3063.3963,3072.9164,3074.6768,10.8142,0.3517,141368609,1.69E+11
2016/8/30,'000001,上证指数,3074.6768,3082.9879,3065.9713,3071.4404,3070.0273,4.6495,0.1514,140434811,1.64E+11
2016/8/29,'000001,上证指数,3070.0273,3074.9433,3058.7853,3068.4602,3070.3088,-0.2815,-0.0092,144500007,1.66E+11
2016/8/26,'000001,上证指数,3070.3088,3087.6522,3063.894,3069.8504,3068.3294,1.9794,0.0645,149663901,1.76E+11
2016/8/25,'000001,上证指数,3068.3294,3073.4441,3041.5053,3073.4441,3085.8804,-17.551,-0.5688,174032980,2.01E+11
2016/8/24,'000001,上证指数,3085.8804,3097.1483,3079.5478,3092.0197,3089.7055,-3.8251,-0.1238,145707440,1.68E+11
2016/8/23,'000001,上证指数,3089.7055,3101.1095,3073.5292,3081.5717,3084.8051,4.9004,0.1589,161368965,1.79E+11
2016/8/22,'000001,上证指数,3084.8051,3112.7395,3083.5932,3107.3812,3108.102,-23.2969,-0.7496,185387927,2.08E+11
2016/8/19,'000001,上证指数,3108.102,3113.3438,3082.771,3100.3912,3104.1138,3.9882,0.1285,194347453,2.12E+11
2016/8/18,'000001,上证指数,3104.1138,3125.5812,3093.3171,3107.7527,3109.5549,-5.4411,-0.175,229359081,2.57E+11
2016/8/17,'000001,上证指数,3109.5549,3114.2545,3090.2811,3106.9911,3110.0369,-0.482,-0.0155,213839637,2.43E+11
2016/8/16,'000001,上证指数,3110.0369,3140.4408,3102.0653,3130.5333,3125.1952,-15.1583,-0.485,278328934,3.09E+11
2016/8/15,'000001,上证指数,3125.1952,3137.4763,3053.8705,3056.4835,3050.6674,74.5278,2.443,297616506,3.28E+11
2016/8/12,'000001,上证指数,3050.6674,3051.0541,2999.039,3000.2731,3002.6376,48.0298,1.5996,168173657,1.79E+11
2016/8/11,'000001,上证指数,3002.6376,3038.0478,3001.1681,3013.6776,3018.7459,-16.1083,-0.5336,161879481,1.80E+11
2016/8/10,'000001,上证指数,3018.7459,3033.1964,3017.0903,3023.4724,3025.6805,-6.9346,-0.2292,164675165,1.85E+11
2016/8/9,'000001,上证指数,3025.6805,3025.9108,2998.6766,3001.3063,3004.2767,21.4038,0.7124,169995446,1.88E+11
2016/8/8,'000001,上证指数,3004.2767,3004.7182,2959.0477,2972.6248,2976.6962,27.5805,0.9265,155729833,1.72E+11
2016/8/5,'000001,上证指数,2976.6962,2991.6767,2971.5638,2978.7776,2982.4261,-5.7299,-0.1921,141857101,1.62E+11
2016/8/4,'000001,上证指数,2982.4261,2982.8601,2958.9332,2976.4096,2978.4608,3.9653,0.1331,133933301,1.53E+11
2016/8/3,'000001,上证指数,2978.4608,2981.1555,2956.7856,2963.2145,2971.2787,7.1821,0.2417,141141332,1.59E+11
2016/8/2,'000001,上证指数,2971.2787,2971.2787,2946.6365,2950.0796,2953.3854,17.8933,0.6059,115468900,1.29E+11
2016/8/1,'000001,上证指数,2953.3854,2972.8751,2931.9633,2971.9491,2979.3388,-25.9534,-0.8711,147407763,1.62E+11
2016/7/29,'000001,上证指数,2979.3388,3000.0546,2972.9166,2992.5355,2994.3234,-14.9846,-0.5004,150101534,1.70E+11
2016/7/28,'000001,上证指数,2994.3234,3003.3631,2968.182,2980.5012,2991.9991,2.3243,0.0777,190564950,2.18E+11
2016/7/27,'000001,上证指数,2991.9991,3057.4237,2939.2273,3050.3675,3050.1661,-58.167,-1.907,280160915,3.17E+11
2016/7/26,'000001,上证指数,3050.1661,3050.6145,3013.8021,3014.0397,3015.8278,34.3383,1.1386,156694506,1.85E+11
2016/7/25,'000001,上证指数,3015.8278,3027.1228,3003.2921,3008.0937,3012.8157,3.0121,0.1,144206582,1.75E+11
2016/7/22,'000001,上证指数,3012.8157,3039.27,3007.4567,3038.1182,3039.0091,-26.1934,-0.8619,162010181,1.98E+11
2016/7/21,'000001,上证指数,3039.0091,3053.3336,3027.3676,3027.6042,3027.8995,11.1096,0.3669,163767370,2.00E+11
2016/7/20,'000001,上证指数,3027.8995,3042.997,3022.6309,3034.7139,3036.5979,-8.6984,-0.2865,138242815,1.71E+11
2016/7/19,'000001,上证指数,3036.5979,3043.5999,3014.2889,3040.2257,3043.5643,-6.9664,-0.2289,155361466,1.87E+11
2016/7/18,'000001,上证指数,3043.5643,3058.3214,3031.6388,3047.6373,3054.296,-10.7317,-0.3514,177496562,2.07E+11
2016/7/15,'000001,上证指数,3054.296,3062.6832,3044.5375,3056.6817,3054.0182,0.2778,0.0091,172866398,2.03E+11
2016/7/14,'000001,上证指数,3054.0182,3057.0458,3036.5234,3054.9748,3060.6893,-6.6711,-0.218,180194804,2.09E+11
2016/7/13,'000001,上证指数,3060.6893,3069.0469,3048.1991,3049.5128,3049.381,11.3083,0.3708,253659384,2.79E+11
2016/7/12,'000001,上证指数,3049.381,3049.6814,2984.4205,2992.5195,2994.9167,54.4643,1.8186,259486295,2.89E+11
2016/7/11,'000001,上证指数,2994.9167,3022.9439,2990.9071,2993.7489,2988.0939,6.8228,0.2283,224338224,2.72E+11
2016/7/8,'000001,上证指数,2988.0939,3001.5506,2983.881,3000.3263,3016.8467,-28.7528,-0.9531,168986859,2.10E+11
2016/7/7,'000001,上证指数,3016.8467,3024.1087,2994.6426,3009.3533,3017.2924,-0.4457,-0.0148,222681667,2.70E+11
2016/7/6,'000001,上证指数,3017.2924,3017.6523,2984.8278,2998.5207,3006.3919,10.9005,0.3626,212370920,2.46E+11
2016/7/5,'000001,上证指数,3006.3919,3010.275,2990.6416,2991.7524,2988.604,17.7879,0.5952,235204450,2.70E+11
2016/7/4,'000001,上证指数,2988.604,2992.4978,2922.5196,2924.293,2932.4758,56.1282,1.914,222017132,2.53E+11
2016/7/1,'000001,上证指数,2932.4758,2944.9894,2925.8101,2931.8016,2929.6057,2.8701,0.098,141246227,1.73E+11
2016/6/30,'000001,上证指数,2929.6057,2938.1374,2922.3124,2931.4805,2931.5923,-1.9866,-0.0678,154464930,1.87E+11
2016/6/29,'000001,上证指数,2931.5923,2933.9974,2915.0618,2918.5337,2912.5574,19.0349,0.6535,193215586,2.23E+11
2016/6/28,'000001,上证指数,2912.5574,2913.5817,2878.8243,2885.0112,2895.7033,16.8541,0.582,173871047,2.11E+11
2016/6/27,'000001,上证指数,2895.7033,2895.731,2840.2765,2840.5585,2854.2864,41.4169,1.451,156697472,1.90E+11
2016/6/24,'000001,上证指数,2854.2864,2899.5689,2807.5976,2883.759,2891.9602,-37.6738,-1.3027,190842609,2.15E+11
2016/6/23,'000001,上证指数,2891.9602,2904.1115,2878.661,2902.3979,2905.5495,-13.5893,-0.4677,136137375,1.64E+11
2016/6/22,'000001,上证指数,2905.5495,2905.978,2869.5133,2872.7337,2878.5575,26.992,0.9377,130590424,1.56E+11
2016/6/21,'000001,上证指数,2878.5575,2919.302,2869.1759,2898.3837,2888.8091,-10.2516,-0.3549,164359089,1.98E+11
2016/6/20,'000001,上证指数,2888.8091,2891.6583,2864.0199,2887.6358,2885.105,3.7041,0.1284,136571051,1.64E+11
2016/6/17,'000001,上证指数,2885.105,2900.2993,2872.1845,2873.0089,2872.8166,12.2884,0.4277,171472517,1.95E+11
2016/6/16,'000001,上证指数,2872.8166,2887.7426,2865.3878,2878.4023,2887.2101,-14.3935,-0.4985,173882767,2.02E+11
2016/6/15,'000001,上证指数,2887.2101,2894.2639,2811.7808,2814.6931,2842.1886,45.0215,1.584,166671069,1.97E+11
2016/6/14,'000001,上证指数,2842.1886,2843.4558,2822.0609,2824.2285,2833.0707,9.1179,0.3218,119755274,1.39E+11
2016/6/13,'000001,上证指数,2833.0707,2911.1582,2832.5072,2897.2731,2927.159,-94.0883,-3.2143,169255434,1.99E+11
2016/6/8,'000001,上证指数,2927.159,2937.9863,2908.3666,2932.3761,2936.0449,-8.8859,-0.3026,143046071,1.77E+11
2016/6/7,'000001,上证指数,2936.0449,2938.444,2923.502,2936.2821,2934.0979,1.947,0.0664,132987867,1.64E+11
2016/6/6,'000001,上证指数,2934.0979,2945.9416,2922.2833,2940.9943,2938.682,-4.5841,-0.156,141993742,1.72E+11
2016/6/3,'000001,上证指数,2938.682,2945.5193,2915.185,2929.7881,2925.2293,13.4527,0.4599,172021023,2.11E+11
2016/6/2,'000001,上证指数,2925.2293,2925.6702,2906.5242,2911.2193,2913.5077,11.7216,0.4023,159716916,1.85E+11
2016/6/1,'000001,上证指数,2913.5077,2929.0759,2909.5121,2917.1541,2916.616,-3.1083,-0.1066,188386421,2.20E+11
2016/5/31,'000001,上证指数,2916.616,2917.1351,2822.5927,2822.5927,2822.4509,94.1651,3.3363,215260341,2.37E+11
2016/5/30,'000001,上证指数,2822.4509,2830.9697,2794.6608,2814.6507,2821.046,1.4049,0.0498,106319589,1.16E+11
2016/5/27,'000001,上证指数,2821.046,2832.7994,2809.7992,2817.9684,2822.4429,-1.3969,-0.0495,109845823,1.24E+11
2016/5/26,'000001,上证指数,2822.4429,2827.0916,2780.7634,2813.5431,2815.0863,7.3566,0.2613,114766797,1.27E+11
2016/5/25,'000001,上证指数,2815.0863,2843.165,2807.7488,2835.0293,2821.6663,-6.58,-0.2332,103527265,1.18E+11
2016/5/24,'000001,上证指数,2821.6663,2839.695,2807.1878,2839.6823,2843.645,-21.9787,-0.7729,111452445,1.21E+11
2016/5/23,'000001,上证指数,2843.645,2848.0713,2826.2562,2826.3123,2825.4831,18.1619,0.6428,120470455,1.40E+11
2016/5/20,'000001,上证指数,2825.4831,2825.9517,2785.0795,2792.8883,2806.9061,18.577,0.6618,108700899,1.24E+11
2016/5/19,'000001,上证指数,2806.9061,2829.4023,2801.5475,2802.3147,2807.5141,-0.608,-0.0217,111595071,1.24E+11
2016/5/18,'000001,上证指数,2807.5141,2828.2552,2781.4165,2828.178,2843.6841,-36.17,-1.2719,140487826,1.49E+11
2016/5/17,'000001,上证指数,2843.6841,2860.3205,2832.4592,2850.9264,2850.8617,-7.1776,-0.2518,123369064,1.40E+11
2016/5/16,'000001,上证指数,2850.8617,2851.229,2804.9907,2816.7754,2827.1087,23.753,0.8402,114653592,1.27E+11
2016/5/13,'000001,上证指数,2827.1087,2850.0929,2814.1146,2828.4615,2835.8618,-8.7531,-0.3087,114319710,1.24E+11
2016/5/12,'000001,上证指数,2835.8618,2839.2763,2781.2362,2812.1083,2837.0372,-1.1754,-0.0414,136337655,1.41E+11
2016/5/11,'000001,上证指数,2837.0372,2857.2539,2818.6989,2843.5448,2832.5912,4.446,0.157,135795466,1.46E+11
2016/5/10,'000001,上证指数,2832.5912,2845.2376,2820.1642,2822.3273,2832.1125,0.4787,0.0169,120829310,1.29E+11
2016/5/9,'000001,上证指数,2832.1125,2896.1623,2821.8261,2896.1623,2913.2476,-81.1351,-2.785,180378330,1.89E+11
2016/5/6,'000001,上证指数,2913.2476,3003.5904,2913.0361,2998.4022,2997.8416,-84.594,-2.8218,206796498,2.34E+11
2016/5/5,'000001,上证指数,2997.8416,2999.1181,2977.1998,2987.0224,2991.2721,6.5695,0.2196,144831383,1.63E+11
2016/5/4,'000001,上证指数,2991.2721,3004.4184,2978.3295,2983.0266,2992.6432,-1.3711,-0.0458,165407106,1.89E+11
2016/5/3,'000001,上证指数,2992.6432,2993.5346,2929.8148,2940.3923,2938.3235,54.3197,1.8487,168703643,1.96E+11
2016/4/29,'000001,上证指数,2938.3235,2950.5761,2930.3565,2935.3756,2945.5886,-7.2651,-0.2466,109310628,1.29E+11
2016/4/28,'000001,上证指数,2945.5886,2959.5123,2916.3744,2955.7421,2953.6709,-8.0823,-0.2736,138663274,1.55E+11
2016/4/27,'000001,上证指数,2953.6709,2976.0221,2949.4322,2967.1902,2964.6997,-11.0288,-0.372,130867640,1.50E+11
2016/4/26,'000001,上证指数,2964.6997,2965.4291,2933.9707,2944.7156,2946.6704,18.0293,0.6119,117711604,1.34E+11
2016/4/25,'000001,上证指数,2946.6704,2954.0921,2917.0202,2949.9727,2959.24,-12.5696,-0.4248,125856243,1.41E+11
2016/4/22,'000001,上证指数,2959.24,2960.2089,2926.7759,2933.0349,2952.8911,6.3489,0.215,137211668,1.49E+11
2016/4/21,'000001,上证指数,2952.8911,2990.6729,2943.464,2954.3703,2972.5837,-19.6926,-0.6625,189406849,2.06E+11
2016/4/20,'000001,上证指数,2972.5837,3055.689,2905.0485,3050.3805,3042.8232,-70.2395,-2.3084,283144219,3.11E+11
2016/4/19,'000001,上证指数,3042.8232,3054.5032,3024.8951,3047.1326,3033.6604,9.1628,0.302,156533200,1.81E+11
2016/4/18,'000001,上证指数,3033.6604,3058.4629,3022.9701,3058.4629,3078.1166,-44.4562,-1.4443,183304512,2.09E+11
2016/4/15,'000001,上证指数,3078.1166,3089.9509,3066.8721,3085.0263,3082.3615,-4.2449,-0.1377,189613051,2.24E+11
2016/4/14,'000001,上证指数,3082.3615,3086.6975,3056.9886,3080.09,3066.6381,15.7234,0.5127,208237830,2.35E+11
2016/4/13,'000001,上证指数,3066.6381,3097.1648,3041.3584,3041.3584,3023.6464,42.9917,1.4218,310003246,3.31E+11
2016/4/12,'000001,上证指数,3023.6464,3036.8249,3001.3151,3031.3013,3033.957,-10.3106,-0.3398,182718668,2.07E+11
2016/4/11,'000001,上证指数,3033.957,3048.9766,3006.909,3006.909,2984.9582,48.9988,1.6415,220018324,2.52E+11
2016/4/8,'000001,上证指数,2984.9582,2996.1706,2960.46,2988.2,3008.42,-23.4618,-0.7799,187904633,2.07E+11
2016/4/7,'000001,上证指数,3008.42,3062.3579,3007.0603,3058.3388,3050.592,-42.172,-1.3824,220919506,2.44E+11
2016/4/6,'000001,上证指数,3050.592,3059.7937,3029.0049,3039.7449,3053.0654,-2.4734,-0.081,232262051,2.55E+11
2016/4/5,'000001,上证指数,3053.0654,3057.3297,2993.1476,3000.9382,3009.5298,43.5356,1.4466,256730344,2.77E+11
2016/4/1,'000001,上证指数,3009.5298,3009.6729,2956.247,2997.0883,3003.9152,5.6146,0.1869,206545866,2.18E+11
2016/3/31,'000001,上证指数,3003.9152,3023.4086,2992.9155,3009.3672,3000.6449,3.2703,0.109,220413445,2.52E+11
2016/3/30,'000001,上证指数,3000.6449,3001.1055,2941.2177,2941.2177,2919.8318,80.8131,2.7677,210371451,2.34E+11
2016/3/29,'000001,上证指数,2919.8318,2962.2029,2905.2513,2956.7052,2957.82,-37.9882,-1.2843,182965345,2.02E+11
2016/3/28,'000001,上证指数,2957.82,3008.1675,2948.5259,2988.0104,2979.4343,-21.6143,-0.7254,202021241,2.32E+11
2016/3/25,'000001,上证指数,2979.4343,2981.4077,2952.1057,2956.1997,2960.9704,18.4639,0.6236,175074344,2.01E+11
2016/3/24,'000001,上证指数,2960.9704,2998.1537,2960.5366,2986.801,3009.9604,-48.99,-1.6276,237006403,2.75E+11
2016/3/23,'000001,上证指数,3009.9604,3012.5596,2980.8554,2991.1685,2999.3628,10.5976,0.3533,216977462,2.56E+11
2016/3/22,'000001,上证指数,2999.3628,3019.1008,2988.4256,3001.63,3018.8017,-19.4389,-0.6439,270377322,3.11E+11
2016/3/21,'000001,上证指数,3018.8017,3028.3215,2973.7575,2978.4554,2955.1498,63.6519,2.1539,352400438,3.81E+11
2016/3/18,'000001,上证指数,2955.1498,2971.5508,2908.7416,2915.5177,2904.8319,50.3179,1.7322,313332735,3.28E+11
2016/3/17,'000001,上证指数,2904.8319,2921.0002,2857.1913,2875.4108,2870.43,34.4019,1.1985,200290213,2.14E+11
2016/3/16,'000001,上证指数,2870.43,2881.5293,2854.1919,2858.7085,2864.3684,6.0616,0.2116,186492535,1.90E+11
2016/3/15,'000001,上证指数,2864.3684,2865.787,2819.7949,2853.9776,2859.499,4.8694,0.1703,163386667,1.70E+11
2016/3/14,'000001,上证指数,2859.499,2889.8164,2823.0282,2830.0836,2810.3074,49.1916,1.7504,194816030,2.03E+11
2016/3/11,'000001,上证指数,2810.3074,2815.6074,2772.5512,2781.6004,2804.7255,5.5819,0.199,127247554,1.28E+11
2016/3/10,'000001,上证指数,2804.7255,2863.1763,2803.4764,2847.567,2862.556,-57.8305,-2.0202,138979461,1.42E+11
2016/3/9,'000001,上证指数,2862.556,2863.0147,2811.7175,2839.4112,2901.387,-38.831,-1.3384,183355383,1.77E+11
2016/3/8,'000001,上证指数,2901.387,2902.6212,2802.5628,2895.6664,2897.3395,4.0475,0.1397,233482661,2.21E+11
2016/3/7,'000001,上证指数,2897.3395,2911.8386,2871.3462,2886.6403,2874.1468,23.1927,0.8069,217466836,2.09E+11
2016/3/4,'000001,上证指数,2874.1468,2880.3719,2808.8493,2848.5384,2859.7582,14.3886,0.5031,312495169,2.95E+11
2016/3/3,'000001,上证指数,2859.7582,2878.445,2840.8741,2847.3305,2849.6811,10.0771,0.3536,287478210,2.80E+11
2016/3/2,'000001,上证指数,2849.6811,2852.7001,2732.5388,2733.767,2733.17,116.5111,4.2629,270961783,2.59E+11
2016/3/1,'000001,上证指数,2733.17,2747.5621,2668.7574,2688.3799,2687.9788,45.1912,1.6812,187207443,1.82E+11
2016/2/29,'000001,上证指数,2687.9788,2755.8898,2638.9631,2754.8137,2767.2097,-79.2309,-2.8632,207410709,1.95E+11
2016/2/26,'000001,上证指数,2767.2097,2784.7525,2715.8743,2760.0575,2741.2454,25.9643,0.9472,191110472,1.90E+11
2016/2/25,'000001,上证指数,2741.2454,2922.2372,2729.8506,2922.2372,2928.896,-187.6506,-6.4069,270284416,2.72E+11
2016/2/24,'000001,上证指数,2928.896,2929.8712,2872.2741,2889.8846,2903.3313,25.5647,0.8805,213410384,2.28E+11
2016/2/23,'000001,上证指数,2903.3313,2928.048,2872.2816,2925.7082,2927.175,-23.8437,-0.8146,199740663,2.12E+11
2016/2/22,'000001,上证指数,2927.175,2933.9638,2880.3474,2888.5984,2860.0208,67.1542,2.348,232176042,2.39E+11
2016/2/19,'000001,上证指数,2860.0208,2872.7236,2840.4876,2854.904,2862.8927,-2.8719,-0.1003,163391413,1.78E+11
2016/2/18,'000001,上证指数,2862.8927,2893.2148,2857.6989,2881.7769,2867.3379,-4.4452,-0.155,219203873,2.31E+11
2016/2/17,'000001,上证指数,2867.3379,2868.701,2824.3556,2829.7636,2836.5705,30.7674,1.0847,216909925,2.26E+11
2016/2/16,'000001,上证指数,2836.5705,2840.6224,2758.579,2758.579,2746.1958,90.3747,3.2909,195961614,1.99E+11
2016/2/15,'000001,上证指数,2746.1958,2760.359,2682.09,2684.9614,2763.492,-17.2962,-0.6259,129263932,1.29E+11
2016/2/5,'000001,上证指数,2763.492,2790.061,2762.1597,2783.0761,2781.0227,-17.5307,-0.6304,141186284,1.46E+11
2016/2/4,'000001,上证指数,2781.0227,2793.2981,2751.3135,2751.4317,2739.2469,41.7758,1.5251,170382018,1.75E+11
2016/2/3,'000001,上证指数,2739.2469,2746.072,2696.8835,2719.5737,2749.5703,-10.3234,-0.3755,148397217,1.47E+11
2016/2/2,'000001,上证指数,2749.5703,2755.1591,2687.9817,2687.9817,2688.8536,60.7167,2.2581,158078211,1.59E+11
2016/2/1,'000001,上证指数,2688.8536,2735.2551,2655.6234,2730.9844,2737.5996,-48.746,-1.7806,156383744,1.53E+11
2016/1/29,'000001,上证指数,2737.5996,2755.3665,2649.7905,2652.8544,2655.6609,81.9387,3.0854,186673106,1.80E+11
2016/1/28,'000001,上证指数,2655.6609,2740.5358,2647.4931,2711.1582,2735.5578,-79.8969,-2.9207,171120280,1.67E+11
2016/1/27,'000001,上证指数,2735.5578,2768.7719,2638.3016,2756.082,2749.7854,-14.2276,-0.5174,215722046,2.07E+11
2016/1/26,'000001,上证指数,2749.7854,2911.9907,2743.8393,2907.7177,2938.5149,-188.7295,-6.4226,210836054,2.13E+11
2016/1/25,'000001,上证指数,2938.5149,2955.7826,2911.8286,2934.0781,2916.5624,21.9525,0.7527,153039057,1.64E+11
2016/1/22,'000001,上证指数,2916.5624,2931.3587,2851.7325,2911.1123,2880.4816,36.0808,1.2526,159810734,1.70E+11
2016/1/21,'000001,上证指数,2880.4816,2998.7904,2880.0848,2934.3912,2976.6938,-96.2122,-3.2322,191675668,2.04E+11
2016/1/20,'000001,上证指数,2976.6938,3016.2827,2951.9219,2993.0138,3007.7393,-31.0455,-1.0322,216505474,2.35E+11
2016/1/19,'000001,上证指数,3007.7393,3012.0684,2906.4038,2914.4078,2913.8367,93.9026,3.2226,205279703,2.23E+11
2016/1/18,'000001,上证指数,2913.8367,2945.4496,2844.7042,2847.5389,2900.97,12.8667,0.4435,164699694,1.74E+11
2016/1/15,'000001,上证指数,2900.97,3001.708,2883.868,2988.048,3007.649,-106.679,-3.5469,198721697,2.07E+11
2016/1/14,'000001,上证指数,3007.649,3012.293,2867.553,2874.049,2949.597,58.052,1.9681,212905644,2.18E+11
2016/1/13,'000001,上证指数,2949.597,3059.015,2949.29,3041.107,3022.861,-73.264,-2.4237,194282106,2.08E+11
2016/1/12,'000001,上证指数,3022.861,3047.664,2978.463,3026.159,3016.704,6.157,0.2041,207659622,2.24E+11
2016/1/11,'000001,上证指数,3016.704,3166.215,3016.697,3131.853,3186.412,-169.708,-5.326,271643691,2.86E+11
2016/1/8,'000001,上证指数,3186.412,3235.451,3056.878,3194.625,3125.002,61.41,1.9651,286440822,3.24E+11
2016/1/7,'000001,上证指数,3125.002,3309.657,3115.885,3309.657,3361.84,-236.838,-7.0449,70569123,79981988654
2016/1/6,'000001,上证指数,3361.84,3362.974,3288.933,3291.195,3287.711,74.129,2.2547,238886670,2.85E+11
2016/1/5,'000001,上证指数,3287.711,3328.139,3189.605,3196.651,3296.258,-8.547,-0.2593,266882083,3.28E+11
2016/1/4,'000001,上证指数,3296.258,3538.689,3295.741,3536.589,3539.182,-242.924,-6.8638,184418423,2.41E+11
